{
  "sample_rate": 22050,
  "pitch_median_hz": 149.39896882100535,
  "pitch_p10_hz": 138.59131548843604,
  "pitch_p90_hz": 160.30736540091624,
  "mfcc_mean": [
    -399.5735778808594,
    187.7362823486328,
    4.054185390472412,
    -5.170022964477539,
    23.80834197998047,
    -17.767166137695312,
    -29.66598892211914,
    -6.102419376373291,
    -16.996976852416992,
    -11.89151382446289,
    22.111684799194336,
    -0.8538804054260254,
    -42.73188400268555,
    -9.666741371154785,
    29.21169090270996,
    -2.942095994949341,
    -29.434904098510742,
    -5.6709136962890625,
    2.899043083190918,
    -13.43382740020752
  ],
  "mfcc_std": [
    123.39608001708984,
    97.26373291015625,
    16.51081085205078,
    9.78917121887207,
    12.904189109802246,
    13.244582176208496,
    18.767648696899414,
    5.4643025398254395,
    9.561983108520508,
    10.510855674743652,
    12.428537368774414,
    2.082284450531006,
    23.093807220458984,
    5.4333977699279785,
    15.800654411315918,
    6.626053333282471,
    15.592508316040039,
    3.3425798416137695,
    3.254695177078247,
    8.137227058410645
  ],
  "spectral_centroid_hz": 556.9836179923893,
  "spectral_bandwidth_hz": 573.4340478712888,
  "rms_dbfs": -14.915383961532921,
  "peak_dbfs": -1.9380014581995164,
  "peak_amplitude": 0.800018310546875
}