{
  "sample_rate": 22050,
  "pitch_median_hz": 157.37105256787842,
  "pitch_p10_hz": 109.36644661993022,
  "pitch_p90_hz": 235.7901617579845,
  "mfcc_mean": [
    -382.4315490722656,
    100.33638763427734,
    1.2497575283050537,
    19.724184036254883,
    -9.931557655334473,
    -8.447755813598633,
    -15.592484474182129,
    -2.5483195781707764,
    -12.418508529663086,
    -0.8100586533546448,
    -8.669781684875488,
    -2.800029754638672,
    -6.702856063842773,
    -4.007195472717285,
    -6.416134357452393,
    -2.6236188411712646,
    -11.491732597351074,
    -5.07609224319458,
    -7.586575031280518,
    -5.466666221618652
  ],
  "mfcc_std": [
    86.40660095214844,
    56.196083068847656,
    31.773475646972656,
    24.24422264099121,
    22.670852661132812,
    17.988908767700195,
    16.31058120727539,
    15.281352996826172,
    16.27678108215332,
    12.757811546325684,
    11.971729278564453,
    11.505022048950195,
    11.82654094696045,
    10.392705917358398,
    9.761626243591309,
    9.776161193847656,
    9.710216522216797,
    8.74280834197998,
    8.95459270477295,
    8.016526222229004
  ],
  "spectral_centroid_hz": 2076.9477070263574,
  "spectral_bandwidth_hz": 2097.7503838495027,
  "rms_dbfs": -29.431223798390427,
  "peak_dbfs": -11.157187768022709,
  "peak_amplitude": 0.2767837643623352
}